"","names.covars","mean","sd","2.5%","25%","50%","75%","97.5%","Rhat","n.eff"
"mu.coef[1]","wksGT13","-0.0352267529418174","0.044334470459196","-0.123741442391495","-0.0632820225444238","-0.0347262865976008","-0.00642759110568796","0.0489779219972351","1.00079656268235","6000"
"mu.coef[2]","wksGT15","-0.0457509598902835","0.0471986042722867","-0.142547293201059","-0.0749195934096874","-0.044942815688983","-0.0145068893894441","0.0427796406794756","1.00095196590693","6000"
"mu.coef[3]","maxP_spawn","-0.132536420208949","0.043650725057445","-0.216281652202119","-0.161801275333188","-0.132497824282006","-0.103662019506604","-0.0473681746278153","1.00122949816578","4200"
"mu.coef[4]","RB_spawn","-0.0238428760347218","0.0369649573562865","-0.095447773519046","-0.0495975456756488","-0.0241222436729315","0.00104891035548485","0.0505106925125707","1.0008233470123","6000"
"mu.coef[5]","RB_emerge","-0.0698867127381459","0.0376080342571382","-0.145728023192252","-0.095033408212573","-0.0695156447755839","-0.0446917604038542","0.00348722862717788","1.00106881962655","6000"
"mu.coef[6]","avgP_grow","0.104162689788752","0.0390365451199698","0.0282529832886263","0.0784016398032972","0.103335676804796","0.129336090648575","0.183863024600179","1.00097689876094","6000"
"mu.coef[7]","medianQ","-0.0784008070072944","0.0405969567661535","-0.15954393386983","-0.105728912471881","-0.0782263343585861","-0.050619969568872","-0.00124568085102325","1.00080453559799","6000"
"mu.coef[8]","breakup","-0.0428796970657836","0.0405999764279222","-0.124353636210555","-0.0689888605074037","-0.0413151566459107","-0.0158596572274856","0.0343264850360412","1.00089777111125","6000"
"mu.coef[9]","NPGO","-0.0626976532607896","0.0382087602587778","-0.139402319918809","-0.0876946519083948","-0.0622534711350509","-0.0371120086099989","0.0107140338964408","1.0009773731042","6000"
