"","names.covars","mean","sd","2.5%","25%","50%","75%","97.5%","Rhat","n.eff"
"mu.coef[1]","wksGT13","-0.0355999951722618","0.0438561760945823","-0.126221399125013","-0.062807964570952","-0.0346500488479231","-0.00698831185216422","0.0485770621966155","1.00074954578248","6000"
"mu.coef[2]","wksGT15","-0.0447925249257567","0.0461409407170103","-0.136909602396875","-0.0737899430528642","-0.0435937964083302","-0.0143090767892693","0.0408026319497915","1.00118830181792","4600"
"mu.coef[3]","maxP_spawn","-0.132678724908376","0.0430463217124624","-0.216477312248047","-0.160968598715139","-0.133251075863909","-0.103607222253989","-0.0466609158109054","1.00080132234229","6000"
"mu.coef[4]","RB_spawn","-0.0240630223009297","0.0372749283587471","-0.0952951594413293","-0.0494991755139592","-0.0247929814731574","-0.000144702521483416","0.0518153179668014","1.0009691922677","6000"
"mu.coef[5]","RB_emerge","-0.0691046989926989","0.0369880506418838","-0.140745043750752","-0.094084594098495","-0.0697948824192727","-0.0432312205938433","0.00293232725788418","1.00117181197636","4700"
"mu.coef[6]","avgP_grow","0.103676296652147","0.0379676622710689","0.0295089317743853","0.0787135173211591","0.103344642402323","0.129145447537818","0.17784761236917","1.00120982461327","4300"
"mu.coef[7]","medianQ","-0.07745746009467","0.0405798226063293","-0.159328805773768","-0.103861375881184","-0.0772371008785712","-0.0509982250193988","0.000323627745596976","1.00120502265364","4400"
"mu.coef[8]","breakup","-0.0423366681640836","0.0399354390867127","-0.122190835737045","-0.068136980636015","-0.0420909635485844","-0.0160946664647257","0.0341492849311837","1.00133614132316","3400"
"mu.coef[9]","NPGO","-0.0629573903039027","0.0384736560021175","-0.142828092262456","-0.0877201141668376","-0.0617692169078534","-0.0375762646612288","0.0126314557412543","1.00170304709194","2100"
