"","names.covars","mean","sd","2.5%","25%","50%","75%","97.5%","Rhat","n.eff"
"mu.coef[1]","maxT_spawn","-0.0379703216204246","0.0442663343831396","-0.124952481844214","-0.0663020720887629","-0.0381055913893457","-0.00983351369614919","0.0514226755305348","1.00096137864466","6000"
"mu.coef[2]","avgT_grow","-0.00670897274903413","0.049199712780361","-0.103587255572664","-0.0386458728403416","-0.00697282056830103","0.0248834981091103","0.0886035451327676","1.00109386111633","5800"
"mu.coef[3]","maxP_spawn","-0.131611344323577","0.0425613185090488","-0.21725192725668","-0.159310187319005","-0.131957851800068","-0.102442719736523","-0.0498893927116177","1.00104884077681","6000"
"mu.coef[4]","RB_spawn","-0.0207797380030474","0.0382699626524617","-0.0933492570293312","-0.0468882263341455","-0.0215578241278419","0.00505301235073907","0.0550789334017386","1.00099012841168","6000"
"mu.coef[5]","RB_emerge","-0.0745309477892692","0.0370272352967247","-0.147364653450293","-0.0991183412297198","-0.0742066782040844","-0.0494573051758539","-0.00262810857505803","1.00086345844879","6000"
"mu.coef[6]","avgP_grow","0.102074866564195","0.040169487462809","0.024765249422361","0.0747084955484062","0.102219655671757","0.12859851732574","0.182594591411857","1.0016899818542","2100"
"mu.coef[7]","medianQ","-0.0868480216848086","0.0410067791346129","-0.169199035141416","-0.113462881409629","-0.0858553338251378","-0.060083996381868","-0.0087058905657846","1.0009049999221","6000"
"mu.coef[8]","breakup","-0.03831089238094","0.0402234075027422","-0.119261717088382","-0.0644588090260454","-0.0375773366436306","-0.0119848577458028","0.0401833414738676","1.0007622294853","6000"
"mu.coef[9]","NPGO","-0.059409501211748","0.0383027088120338","-0.137479547215001","-0.0844743396549724","-0.0585016505185904","-0.0345935807403767","0.0161211178229304","1.00122837657371","4200"
