"","names.covars","mean","sd","2.5%","25%","50%","75%","97.5%","Rhat","n.eff"
"mu.coef[1]","maxT_spawn","-0.0384395942230805","0.0449521241559402","-0.126661125979292","-0.0676817227306372","-0.0384171816414708","-0.00925977645713783","0.0502961876041683","1.00094787342198","15000"
"mu.coef[2]","avgT_grow","-0.00517770271568365","0.0485590600720223","-0.100143023573137","-0.0356924688918266","-0.00554142605136502","0.025522775191789","0.0903521797345368","1.00103450364495","15000"
"mu.coef[3]","maxP_spawn","-0.13169201930914","0.0424755004128053","-0.21482620775039","-0.160319853900835","-0.131665005247962","-0.102569094720773","-0.0479940661806749","1.00124337395582","5800"
"mu.coef[4]","RB_spawn","-0.0205475482926349","0.0383744527084023","-0.094697974913021","-0.0464276383904965","-0.0208669571874201","0.00499555792969647","0.0565556216510333","1.00119067133841","6900"
"mu.coef[5]","RB_emerge","-0.0740107242431379","0.0368427169737004","-0.14729979354104","-0.0981642720446306","-0.0736835740140243","-0.0495062018107017","-0.00250327782023542","1.00090442785336","15000"
"mu.coef[6]","avgP_grow","0.103619971981397","0.0399597273749671","0.026290205261382","0.076812677127915","0.103643932796754","0.130062796696083","0.183733784636641","1.00091061534656","15000"
"mu.coef[7]","medianQ","-0.0871111450622952","0.0406112645088909","-0.168541097867636","-0.113348467941164","-0.0865291265834974","-0.0603579393057558","-0.00905877619933238","1.00119808205954","6700"
"mu.coef[8]","breakup","-0.0392161641291894","0.0401037519956201","-0.118601395596947","-0.0653327142069694","-0.0386430773389542","-0.0128229607721598","0.0390064891131551","1.00090510012508","15000"
"mu.coef[9]","NPGO","-0.0601279580560568","0.0384966145996846","-0.137228239941788","-0.0849055023391872","-0.0593984612486137","-0.0346476565672521","0.0141727374993977","1.00092523627957","15000"
